slang,formal
a,
aamiin,amin
aamin,amin
aaminn,amin
ab,
abadi,
abaikan,
abang,
abdet,update
abi,
abis,
abon,
abrakadabra,
abu,
abud,
aburizal,
abut,
acara,
aceh,
action,
acua,acuan
ada,
adab,
adalah,
adanya,
adapun,
adem,
adh,adalah
adi,
adil,
admin,
administrasi,
adu,
aduh,
aduk,
advocacy,
advocate,
aeeettt,
aeperti,seperti
agama,
agamanya,
agamis,
agar,
agen,
agenda,
agungkan,
agus,
ah,
aher,
ahli,
ahmad,
ahok,
ahoker,
ahy,
aing,saya
air,
airlangga,
airnya,
aja,
ajaaaaaaa,aja
ajak,
ajudan,
ajukan,
akademik,
akademis,
akademisi,
akal,
akan,
akbar,
ake,pake
akhbar,akbar
akhir,
akhirnya,
aki,aku
akibat,
aktif,
aktifitas,aktivitas
aku,
akun,
akunnya,
akur,
al,
ala,
alam,
alangkah,
alasan,
alat,
alert,
alex,
alhamdulilah,alhamdulillah
alhamdulillah,
alhamdulliah,alhamdulillah
ali,
aliansi,
alias,
alkhamdulillah,
all,
allaah,allah
allah,
allahu,
allahuakbar,
allahumma,
almaidah,
alumni,
aman,
amanah,
amanat,
amat,
ambil,
ambisius,
ambles,
amien,amin
amiin,amin
amiinn,amin
amin,
amit,
amitttt,
amp,sukses
ampun,
an,
anak,
analisa,
analisis,
analogi,
ancaman,
and,
anda,
andai,
andaikan,
andakah,
andalan,
andhika,
andika,
ane,saya
aneh,
anehnya,
ang,
anggap,
anggota,
anggotanya,
angin,
angka,
angkat,
angkatbuat,
anies,
aniesbaswedan,
aniesgabenerpembohong,
aniesnya,
aniespilihanrakyat,
aniespresiden,
aniespresidenri,
animo,
anis,anies
anjing,
anjink,anjing
anjir,
annas,
annies,anies
antar,
antara,
anti,
antitesa,
antithesa,antitesa
anyone,
apa,
apa-apa,
apaan,
apabila,
apakah,
apalagi,
apanya,
apapun,
apes,
api,
aplaus,applause
aplg,apalagi
aplikasi,
apple,
arab,
arah,
arahan,
arahannya,
arahkan,
aral,
argumen,
arief,
artikel,
artinya,
arus,
arya,
as,amerika
asal,
aseng,asing
aset,
asik,
asing,
asli,
aslkm,assalamualaikum
aspirasi,
assalamualaikum,
asupan,
asuuuuu,asu
at,
atas,
atasi,
atau,
ataupun,
atay,atau
ati,hati
atik,
attendees,
attending,
atuh,
atur,
aturan,
auranya,
awak,
awal,
awam,
awas,
aya,
ayat,
ayo,
azab,
b,
babi,
baca,
bacapres,
bacot,
bacotan,omongan
bacotlu,
badan,
badaq,badak
bagaikan,
bagaimana,
bagaimnpun,bagaimanapun
bagantong,
bagekan,bagaikan
bagi,
bagian,
bagiku,
bagus,
bah,
bahan,
bahas,
bahasan,
bahaya,
bahkan,
bahtera,
bahu,
bahwa,
baik,
baiklah,
baiknya,
bakal,
bakalan,
bakalnya,
bakri,
baksos,
bakti,
bali,
baliho,
balik,
balkot,
balloon,
balon,
balonpres,bacapres
bambang,
bandingkan,
bandung,
bang,abang
banget,
bangetz,banget
bangga,
banggakan,
bangkrut,
bangsa,
bangsat,
bangsatkan,
bangun,
bangunan,
banjir,
bantai,
banteng,
bantu,
bantuan,
banyak,
bapaaak,bapak
bapak,
bapakpolitikidentitas,
baperan,
bapuk,
barack,
barakallaah,
barakallaahu,
barakallah,
barakallahu,
barangkali,
barat,
barisan,
barokah,
baru,
barusan,
based,
basi,
basis,
basuki,
baswadan,baswedan
baswedan,
batal,
batasan,
bawa,
bawaslu,
bayangan,
bayar,
bayaran,
bayarin,
bazzer,buzzer
be,
beban,
bebas,
beberapa,
becus,
beda,
bedakan,
bedanya,
begini,
begitu,
begituan,
begitulah,
begonya,bodohnya
begoo,bodoh
begundal,
bekas,
bekasi,
bekerja,
bekum,
bela,
belaga,berlagak
belah,
belajar,
belaka,
belakang,
beli,
beliau,
belio,beliau
belonan,
belum,
benar,
benaran,
bencana,
benci,
bendahara,
bener,benar
beneran,benaran
benerkan,benarkan
bentar,
benteng,
bentrok,
bentuk,
benyebab,
ber,
berada,
beradu,
berai,
berakhir,
berakhlak,
berambisi,
beranak,
beranda,
berangkat,
berani,
berantas,
berapa,
berari,
berarti,
berasa,
berasal,
berat,
berbagai,
berbaik,
berbaju,
berbeda,
berbedalah,
berbicara,
berbondong,
berbuat,
bercerai,
bercermin,
berdampak,
berdasi,
berdiri,
berdoa,
berdua,
berduka,
beredar,
berekspresi,
berencana,
beres,
bereskan,
beretika,
bergabung,
bergelar,
bergema,
bergembira,
bergerak,
berguna,
berhak,
berhaluan,
berharap,
berhasil,
berhasilnya,
berhenti,
berhubungan,
beri,
berikan,
berikutnya,
beriman,
berimbas,
berisi,
berita,
beritain,
berjalan,
berjamaah,
berjuang,
berjuangmenang,
berjubal,
berkaca,
berkaitan,
berkarya,
berkat,
berkedok,
berkelas,
berkembang,
berkeruh,
berkoalisi,
berkoar,
berkualitas,
berkuasa,
berkumpul,
berkwalitas,berkualitas
berlaku,
berlalu,
bermain,
bermakna,
bermartabat,
bermasalah,
bermimpi,
berminat,
bermoral,
bernegosiasi,
berobah,
beropini,
beroposisi,
berpasangan,
berpeluang,
berpendapat,
berpendidikan,
berpihak,
berpijaklah,
berpikir,
berpikiran,
berpolitik,
berpotensi,
berpotensial,
berprestasi,
berpura,
berputar,
bersahabat,
bersaing,
bersalah,
bersama,
bersamaan,
bersamaorangbaikuntuklebihbaik,
bersandar,
bersanding,
bersatu,
bersatunya,
bersebrangan,
bersedia,
bersejarah,
bersepakat,
bersih,
bersikap,
bersinar,
bersinggungan,
bersitegang,
berstatus,
bersuara,
bersuka,
bersumpah,
bertambah,
bertarung,
bertarungnya,
bertemu,
bertentagan,
berteorinya,
berterima,
bertindak,
bertobat,
berubah,
berubaj,berubah
berulang,
beruntung,
berusaha,
besar,
besaran,
beserta,
best,
betah,
betawi,
bethesda,
betul,
bgaimna,bagaimana
bgsa,bangsa
bgusan,bagusan
bhkan,bahkan
biar,
biarkan,
biarkanlah,
biarlah,
biarpun,
biasa,
biaya,
bibit,
bicara,
bidang,
big,
biidznillah,
bijak,
bikin,
bila,
bilang,
bilangan,
bin,
binatang,
bingung,
bis,
bisa,
bisaa,bisa
bisakah,
bisanya,
bisikan,
bismillah,
bismillahirohmanirahim,
bisnis,
bisul,
bkn,bukan
blunder,
bo,
bobot,
bocah,
bocil,
bodo,
bodoh,
bodong,
bohong,
bokeb,porno
bokep,porno
bola,
boleh,
bondong,
boneka,
bong,kecebong
bonk,kecebong
bos,
bosok,buruk
boston,
bp,bapak
bpk,bapak
brafo,bravo
bravo,
bravonasdem,
bravopakanies,
breaking,
brewok,
brilian,
brimob,
brin,
bro,
brow,bro
bsr,besar
btp,
btw,
bu,ibu
buang,
buat,
buatan,
buatin,buatkan
bubar,
budak,
budaya,
bui,
buka,
bukan,
bukankah,
bukanlah,
bukannya,
bukti,
buktikan,
buktinya,
bulan,
bule,
bully,
bumi,
bumn,
bung,
bungkuk,
bungkus,
bunuh,
bupati,
bursa,
buru,
buruk,
buser,
busuk,
butek,keruh
butuh,
buzer,buzzer
buzerp,buzzer
buzerrp,buzzer
buzzep,buzzer
buzzer,
buzzernya,
buzzerp,buzzer
buzzerrp,buzzer
buzzr,buzzer
by,
bye,
byegubernurngibul,
byx,banyak
cabe,
cabut,
caci,
cacian,
cacing,
cadi,
cagub,
cair,
cak,
cakeeep,mantap
caleg,
calon,
calonin,
calonkan,
calonmu,
calonnya,
campur,
candaan,
cantik,
cantolan,
capitol,
caplin,
capres,
capreskan,
capresnasdem,
capresnya,
capresss,capres
cara,
care,
cari,
cat,
catat,
cawapres,
cawapresnya,
cbong,kecebong
cebong,kecebong
cegah,
cek,
celah,
cemeeen,penakut
cemen,penakut
cengar,
cengir,
cenul,
cepat,
cepatnya,
cerdas,
cerdik,
ceria,
cerita,
cermin,
ces,
cewek,
chaniago,
chaplin,
charlie,
childish,
china,
chunul,
cia,
ciamik,
cie,
cilik,rendah
cipta,
ciptakan,
ciri,
cita,
citra,
clear,
club,
coat,
coba,
cobalah,
coblos,
cocok,
cocokkah,
cocoknya,
cokrotv,
comenin,komentarin
comot,ambil
comunist,komunis
conference,
congkak,
contoh,
contohnya,
copy,
corong,
coy,
cpek,capek
crew,
cucu,
cuitan,
cukup,
cukuplah,
culas,
culun,
cuma,
cuman,
cumannanyadoank,
curangi,
cv,
d,
da,
dabpermainn,dan permainan
daerah,
daftar,
daftarkan,
daging,
dah,
dahulu,
dajjal,
dalam,
damai,
dan,
dapat,
dapuk,
dapur,
darah,
dari,
daripada,
dasar,
data,
datang,
day,
deadlock,
dear,
debat,
debatable,
definisi,
deh,
dekat,
deklarasi,
deklarasianiespresiden,
deklarasikan,
dekte,dikte
delakrasikan,
demi,
demikan,demikian
demikian,
demo,
demokat,
demokrasi,
demokrat,
den,
dengan,
dengar,
dengki,
dengkiny,dengkinya
dengkul,
deni,
denny,
depan,
derajat,
derajatnha,derajatnya
desa,
desember,
deui,juga
dg,dengan
dgrin,dengerin
di,
dia,
diacungkan,
diajak,
diajukan,
diakui,
dialah,
diam,
dianggap,
diangkat,
diantara,
diapresiasi,
diartikan,
diatas,
diatur,
dibacain,
dibahas,
dibalik,
dibanding,
dibandingkan,
dibanggakan,
dibawa,
dibelakang,
dibenci,
diberbagai,
diberikan,
diberitakan,
dibiarkan,
dibibir,
dibilng,dibilang
dibohongi,
dibuka,
dibuktikan,
dibunuh,
dicalonin,
dicalonkan,
dicalonkannya,
dicanangkan,
dicapreskan,
dicatat,
diciduk,
dicuekin,
didaftarkan,
didalam,
didambakan,
dideklarasikan,
didepan,
dididik,
didiskusikan,
didu,
diduga,
didukung,
didukungnya,
dieksekusi,
difitnah,
digabung,
digadang,
digemborkan,
digoblokin,
digoreng,
digoyang,
digusur,
dihambat,
diharapkan,
dihati,
dihindari,
dihujat,
diikuti,
diingat,
dijabat,
dijadikan,
dijalan,
dijalankan,
dijegal,
dijual,
dikalahin,
dikasih,
dikatakan,
dikelas,
dikerjakan,
dikira,
dikit,
dikoreksi,
dikritik,
dikte,
diktesalut,
dilaksanakan,
dilakuin,
dilakukan,
dilancarkan,
dilepas,
dilindungi,
diluar,
dimainkan,
dimainkannya,
dimaki,
dimaksud,
dimana,
dimanaaa,dimana
dimasalahkan,
dimata,
dimedia,
dimedsos,
dimenangkan,
dimiliki,
diminta,
dimohon,
dimulai,
dimusuhi,
dinamika,
dinamikanya,
dinantikan,
dingin,
dini,
dinikmati,
dinilai,
dinyatakan,
dinyinyir,
diopinikan,
dipahami,
dipajang,
dipakai,
dipaksa,
dipanggil,
dipasang,
dipasangkan,
dipastikan,
dipecat,
dipenjara,
dipenjarakan,
dipenjarakarma,
diperbincangan,
diperbincangkan,
dipercaya,
diperhitungkn,
diperintahkan,
dipertanyakan,
dipikir,
dipikirkan,
dipilih,
dipimpin,
dipinang,
dipolitisasi,
diproses,
dipuja,
diragukan,
dirangkul,
dirasakan,
direcokin,
diresmikan,
direstui,
diresturi,
diri,
dirinya,
diruang,
dirubah,
disahkan,
disajikan,
disalahkan,
disampaikan,
disangka,
disebabkan,
disebut,
diselamatkan,
diselesaikan,
disemua,
diserang,
disetir,
disini,
disitulah,
diskusi,
disodori,
disorot,
distop,
disukai,
disupport,
disuruh,
ditahun,
ditakan,
ditakuti,
ditandai,
ditangkap,
ditanya,
ditanyakan,
ditarik,
ditawari,
ditentukan,
diterima,
ditetapkan,
ditinggal,
ditipu,
ditugaskan,
ditujukan,
ditunda,
diukur,
diumpetin,
diumum,
diumumkan,
diumumkannya,
diungkit,
diusulkan,
diusung,
diusungnya,
diusut,
diutak,
djelantik,
dki,
dkung,
dll,
dngn,dengan
doa,
doang,
doh,
dok,dokter
dominan,
domino,
dong,
dongok,dungu
dosamu,
dosanya,
down,
doyan,
dp,
dpp,
dpr,
dprd,
ds,
dsb,
dst,
dtng,datang
dua,
duduk,
duet,
dugaan,
duit,
duka,
dukung,
dukungan,
dukungannya,
dukungkpkprosesanies,
dulu,
duluan,
dumay,
dungu,
dungukan,
dunia,dunia maya
dustakan,
dzolimi,
e,
earn,
ebong,kecebong
ebonger,
edan,
edukasi,
efek,
efeknya,
effect,
eforia,euforia
efouria,euforia
egp,
eh,
eka,
eko,
ekonomi,
ekor,
ekplotasi,eksploitasi
eksekutif,
eksternal,
ektp,
election,
elegan,
elektabilitas,
elektabilitasnya,
elektibilitas,
elemen,
eling,sadar
elite,
emanh,emang
embuh,
emil,
emosional,
empati,
empatimu,
empatinya,
empuk,
enak,
enembe,
eng,
enggak,
engkau,
entah,
entar,
ente,kamu
era,
erick,
erik,
eskalasi,
esok,
et,
etika,
etikanya,
ewok,
facebook,
facta,fakta
faham,paham
fakta,
fan,fans
fanati,fanatik
fanatik,
fanatis,
fe,
februari,
feeling,
figur,
figurnya,
fiikum,
fiksi,
film,
filosofi,
finalnya,
firli,
fisik,
fitnah,
fix,
fixed,
fokus,
follow,
followers,
for,
formal,
formula,
foto,
fotonya,
foya,
fpi,
fraksi,
framing,
friends,
fungsinya,
fvck,fuck
gaaaasss,gas
gabener,
gabung,
gabungan,
gadang,
gaduh,
gagah,
gagal,
gagalkan,
gagap,
gagas,
gagasan,
gak,
gambar,
gampang,
gang,
ganggu,
gangguan,
ganjar,
ganteng,
ganti,
gara,
gara²,
gaskeun,
gatot,
gaun,
gawat,
gaya,
gayanya,
gede,
gedung,
gejolak,
gelar,
geliat,
gencar,
genntor,gentar
gentayangan,
gentelmen,gentleman
gentleman,
gerbong,
gerinda,
gerindra,
gerindrs,gerindra
gerombolan,
gestur,
getol,rajin
gila,
gilap,gila
giliran,
gimana,
gimmick,
giring,
gitoh,gitu
gizi,
global,
gmana,gimana
go,
goal,
goblok,
goblokin,
gobloknya,
golhit,
golkar,
golongan,
golongannya,
golput,
gondangdia,
gonggongannya,
gonggonngin,
gonjing,
good,
gorong,
gout,
gp,ganjar
grade,
grasa,
gratis,
greget,
grup,
grusa,
grusu,
gt,gitu
gua,
gub,gubernur
gubenur,
gubernur,
gudbloon,
gue,saya
gugur,
guliran,
gun,
guna,
gunakan,
guntur,
guru,
gurunya,
gus,
gusdurian,
guys,
guyub,
gwee,saya
h,haji
ha,
haaa,
habfab,
habib,
habieb,habib
habis,
habisan,
habisi,
habisnya,
habitatnya,
hadiah,
hadir,
haha,hahaha
hahaha,hahaha
hahahaaa,hahaha
hahahaha,hahaha
hahahahaha,hahaha
hahahahahaha,hahaha
hahahahahahah,hahaha
hahahahha,hahaha
hahahahhaha,hahaha
hahahhaaa,hahaha
hai,
haji,
hak,
hakikatnya,
haknya,
hal,
halalkan,
haloo,halo
halu,halusinasi
hamble,humble
hampir,
han,
hancur,
hangat,
hangatnya,
hanif,
hantaman,
hanya,
hanyalah,
haram,
harap,
harapan,
harapkan,
harg,harga
harga,
hari,
hariandisway,
harimurti,
harta,
harun,
harus,
haruslah,
harusnya,
hashtag,
hasil,
hasilnya,
hasto,
hati,
hatinya,
hayo,
hayu,ayo
hayukkkk,ayo
head,
hebat,
heboh,
hee,
hehe,hahaha
hehehe,hahaha
heheheh,hahaha
hehehehe,hahaha
hemat,
henti,
heran,
here,
heru,
hey,
hhhh,hahaha
hi,
hidayah,
hidung,
hidup,
hilang,
hilangnya,
hill,
himbauan,
hina,
hingga,
hitam,
hitungan,
hmmmmm,hmm
hoax,hoaks
holistik,
horeee,hore
hormat,
hormati,
hrg,harga
hrpan,harapan
hslinya,hasilnya
hti,hati
huahaaaa,hahaha
hubungan,
hubunggannya,hubungannya
hujan,
hujannya,
hujat,
hujatan,
hukum,
hukumnya,
hus,
hussst,
hutan,
hutang,
hybrid,
i,
ia,
ib,imam besar
ibadahnya,
ibhrs,
iblis,
ibu,
ibukota,
idaman,
idamannya,
ide,
ideal,
identik,
identitas,
idiot,
ii,
ijazah,
ijazahnya,
ijin,
ikhtiar,
iki,ini
ikn,
iku,ikut
ikut,
ikutan,
ilmu,
imbalan,
imigran,
imin,
imo,opiniku
implisit,
impor,
impressed,
indah,
indak,tindak
indar,
indarparawangsa,
indentitas,
independen,
indikasi,
indikator,
indititas,
indonesia,
indonesiaberharap,
indonesiaharusbersamaorangbaik,
indonesiamemanggil,
info,
informasi,
ingat,
ingin,
inginkan,
ini,
inikah,
inikan,
inilah,
inimah,
injury,
inkompetensi,
insha,
inshaa,
inshaaallah,
inshaallah,
insya,
insyaa,
insyaaallah,
insyaallah,
integritas,
intelektual,
inteletual,
internal,
internasional,
intervensi,
intinya,
investasi,
inyaallah,
iq,
iri,
irma,
is,
iseng,
isi,
isinya,
islam,
istana,
istiqomah,
istirahat,
istri,
isu,
isunya,
itc,
itikad,
itu,
itukan,
itulah,
itupun,
iwan,
iya,
iyain,
izin,
izinkan,
jabatan,
jabatannya,
jadi,
jadikan,
jaga,
jago,
jagoannya,
jagoin,
jahat,
jajang,
jakarta,
jakowi,jokowi
jakrta,jakarta
jalan,
jalani,
jalannya,
jalur,
jam,
janda,
jangan,
jangankan,
janganlah,
janji,
janjinya,
jansen,
jantung,
jarang,
jas,
jasmerah,
jatah,
jateng,
jatuh,
jatuhkan,
jauh,
jauhhhhhhhh,jauh
jauhkan,
jawa,
jawab,
jawaban,
jawabannya,
jawatimur,
jaya,
jazakumullah,
jdkan,jadikan
jedah,
jegal,
jejak,
jejaknya,
jelang,
jelas,
jelasin,
jelaskan,
jelek,
jeli,
jempol,
jenazah,
jend,jenderal
jenderal,
jenggot,
jepang,
jeung,dan
jijik,
jika,
jilid,
jis,
jiwa,
jkw,jokowi
jls,jelas
jo,
joged,joget
jogja,
join,
joke,
joko,
jokowe,jokowi
jokowi,
jongkok,
jongos,
joyoboyo,
jual,
judul,
juga,
jujur,
juli,
jum,
jumpa,
jungjungan,
junjung,
junjungan,
jurdil,
jurus,
justru,
juta,
jutaan,
k,ke
kabarnya,
kabel,
kabur,
kabut,
kaca,
kacir,
kacung,
kadalin,
kadaluarasa,
kademisi,akademisi
kader,
kadernya,
kado,
kadran,
kadrun,
kafan,
kafilah,
kafirun,
kagak,tidak
kaget,
kah,
kahfi,
kain,
kak,kakak
kakak,
kakek,
kaki,
kala,
kalah,
kalang,
kalangan,
kalau,
kalean,kalian
kaleeeeee,kali
kalem,
kaleng²,
kali,
kalian,
kalimantan,
kalimat,
kalinya,
kalla,
kalo,
kambing,
kami,
kamil,
kampanye,
kampanyekan,
kampanyenya,
kampret,
kampung,
kamu,
kan,
kanan,
kancah,
kandang,
kandidat,
kang,
kanjuruhan,
kanker,
kans,
kansnya,
kantor,
kapabel,
kapabilitas,
kapal,
kapan,
kapanpun,
kapasitas,
kapasitasnya,
kapolri,
karakter,
karangharum,
karbitan,
karena,
karma,
karya,
karyanya,
kash,kasih
kasih,
kasihan,
kasus,
kasusnya,
kata,
katain,
katakan,
katanya,
katanyademokrasi,
kau,
kaum,
kaumnya,
kawal,
kawan,
kayak,
kayaknya,
kdunguan,kedunguan
ke,
keadaan,
kebaikan,
kebajikan,
kebakaran,
kebal,
kebangsaan,
kebanjiran,
kebanyak,
kebayakan,
kebebasan,
kebelakang,
kebenaran,
kebencian,
keberanian,
keberhasilannya,
keberkahan,
kebetulan,
kebijakan,
kebijakannya,
keblinger,
kebodohan,
keburu,
kebusukan,
kecepetan,
kecerdasan,
kecerdasannya,
kecerobohannya,
kecewa,
kecewe,kecewa
kecil,
kecuali,
kedamaian,
kedapatan,
kedepan,
kedepannya,
kedrunisasi,
kedua,
keduanya,
kedudukannya,
keduman,
kedunguan,
kedungwaringin,
kegiatan,
kehabisan,
kehadiran,
kehebatan,
kehidupan,
kehilangan,
keinginan,
keinginannya,
kejadian,
kejam,
kejang,
keji,
kejujuran,
kekentalan,
kekeuh,memaksa
kekuasaan,
kekuatan,
kekurangan,
kelabakan,
kelakuan,
kelar,
kelas,
kelaurga,
kelebihan,
kelihatan,
kelihatane,kelihatannya
keliling,
keliru,
kelojotan,
kelompok,
keluar,
keluarga,
keluarganya,
keluarkan,
keluarnya,
kelurahan,
kemajuan,
kemampuan,
kemana,
kemang,
kemanusia,
kemarin,
kemaritiman,
kembali,
kemenangan,
kemenanganbersama,
kemenko,
kemiskinan,
kempen,
kemudian,
kemunafikan,
kemunduran,
kemungkinan,
kena,
kenaikan,
kenak,kena
kenanya,
kenapa,
kencang,
kendali,
kendalikan,
kendari,
kenpa,kenapa
kentara,
kenyataan,
kenyataannya,
keok,kalah
kepada,
kepala,
kepanasan,
kepemimpinannya,
kepemukiman,
kepentingan,
kepentingannya,
kepercayaan,
kepilih,
kepinteran,
kepuasan,
keputusan,
kerabat,
kerahkan,
keras,
kerasnya,
keren,
kerennampak,
kereta,
keringat,
kerja,
kerjaannya,
kerjaanya,kerjaannya
kerjanya,
kerjo,kerja
kerobohan,
kertas,
kesadaran,
kesalahan,
kesantunannya,
kesatuan,
kesehatan,
kesempatan,
kesenjangan,
kesulitan,
ketahuan,
ketahui,
ketakutan,
ketat,
ketawa,
ketepuu,ketipu
keterangan,
keterangannya,
keterlaluan,
keterpilihannya,
keterpurukan,
ketertinggalan,
ketidak,
ketika,
ketimbang,
ketinggian,
ketua,
ketum,
ketumnya,
keturuan,
keturunan,
keun,biarkan
keuntungan,
keuntungannya,
kewarganegaraan,
khalas,kelas
khan,kan
khas,
khawatir,
khilafah,
khofifah,
khoiran,
khusu,khusus
khusus,
kiamatpun,
kian,
kib,
kibul,berbohong
kibuli,tipu
kinclong,mengkilap
kinerja,
kinerjanya,
king,
kini,
kipas,
kiprahnya,
kira,
kisahfiktifdinegerifiksi,
kita,
kkb,
kl,kalau
klausul,
klojotan,
kls,kelas
klub,
km,kamu
koalisi,
koar²,
kocak,
kocar,
kode,
kodrun,
kofifah,
kok,
kokoh,
kolam,
kolem,kolam
komandan,
komando,
kombinasi,
komedi,
komentar,
komicalis,komisaris
komidmen,komitmen
kominitas,komunitas
komisaris,
komitmen,
komitmennya,
kompas,
kompetensi,
kompetisi,
komplet,komplit
komunis,
komunitas,
kondisi,
konflik,
konotasi,
konsekuensi,
konsen,konsentrasi
konstelasi,
konstituen,
konstruksi,
konteks,
konten,
kontestasi,
kontribusi,
kopasus,
koplok,
kopyor,
korban,
koreksi,
korelasinya,
korupsi,
koruptor,
kota,
kotak,
kpk,
kpknya,
kpu,
kpud,
kredibel,
kredibilitas,
kredible,kredibel
kremi,
kriminalisasi,
kriteria,
kritik,
kta,
ktakutan,ketakutan
ktp,
ku,
kualifikasi,
kualitas,
kuasanya,
kuat,
kuda,
kudet,
kudu,harus
kuku,
kukunya,
kumis,
kumpulang,
kunjungi,
kunted,
kupon,
kurang,
kursi,
kusuk,
kutukan,
kwalitas,kualitas
kwkwkkww,wkwkwk
label,
labih,lebih
laenya,lainnya
lagi,
lagian,
lagu,
lah,
lahhh,lah
lahir,
lain,
lainnya,
lainya,
laju,
lajur,
laki,
laku,
lakukan,
lalai,
lalu,
lama,
lamiin,
lancar,
langga,
langit,
langkah,
langsung,
lanjut,
lanjutan,
lanjutkan,
lankah,langkah
lantas,
lantik,
lapangan,
lapis,
lapor,
laporan,
laporin,
laporkan,
lari,
lastari,
latar,
laut,
lawak,
lawan,
lawannya,
layak,
layangkan,
lebar,
lebay,
lebih,
legal,
legalitas,
legislatif,
legowo,
lelah,
leluasa,
leluhur,
lemahnya,
lembaga,
lengser,
lepas,
lepehin,muntahkan
let,
level,
lewat,
lewati,
lewatkan,
lg,lagi
lgsng,langsung
lho,loh
liberal,
licik,
lihat,
lima,
lindung,
lindungan,
lingkaran,
lingkungan,
litbang,
live,
lndonesia,
lngsng,langsung
lo,kamu
loe,kamu
logika,
logis,
loh,
lolos,
lontong,
loo,kamu
lord,raja
love,
loyal,
lu,kamu
luar,
luarnya,
luas,
lucu,
luh,kamu
luhh,kamu
luhur,
lukas,
lulus,
lumayan,
lumrah,
luntang,
luntung,
lupa,
lur,bro
lurah,
maaf,
maasyaa,masya
mabuk,
macam,
macan,
mafia,
mah,
mahal,
maharani,
mahfud,
main,
mainan,
mainin,
mainstream,
majelis,
majemuk,
maju,
majukan,
majunya,
mak,ibu
maka,
makan,
makanan,
makanya,
makassar,
maker,
maki,
makin,
maksa,
maksiat,
maksud,
maksudnya,
malah,
malam,
malang,
malas,
mall,
malu,
mamajukan,
mamat,
mampu,
mampuan,
mana,
manapun,
mandalika,
mandatory,
mandir,
mandiri,
maneh,kamu
mangkanya,
manifestasi,
mantab,mantap
mantan,
mantap,
mantapkan,
mantuuuul,mantap
manual,
manusia,
manut,nurut
manuver,
manuvernya,
manyukai,
manyun,
mar,
marah,
march,
mardigu,
mari,
marilah,
markhotopp,mantap
markotop,mantap
marusak,merusak
mas,
masa,
masak,
masal,
masalah,
masalahnya,
masalalu,
masebiet,
mashaallah,
masif,
masih,
masiku,
masing,
masiv,
masjid,
massa,
massanya,
masuk,
masuknya,
masyarakat,
mata,
materi,
mati,
matian,
matic,
matipun,
maturnuwun,
mau,
maunya,
maupun,
mayat,
mayoritas,
mbak,
mbok,
md,
means,
medan,
media,
medsos,
mega,
mejadii,menjadi
mekanisme,
melaksanakan,
melakukan,
melalui,
melampaui,
melanggengkan,
melanjutkan,
melawan,
melebihi,
melejit,
melemahkan,
melepaskan,
meleset,
melihat,
melihatnya,
melindungi,
melintang,
melobi,
melontarkan,
melukai,
melulu,
melunasi,
melupakan,
meluruskan,
memaafkan,
memahaminya,
memajang,
memajukan,
memakai,
memaksa,
memalsukan,
memalukan,
memamkai,
memanfaatkan,
memang,
memanggil,
memangkas,
memangnya,
membaca,
membahayakan,
membahu,
membangun,
membantu,
membawa,
membayar,
membeberkan,
membekas,
membenci,
membendung,
membentuk,
memberi,
memberikan,
membesar,
membicarakan,
membuat,
membuka,
membuktikan,
membully,
membumi,
membutuhkan,
memcalonkan,
memecah,
memenangkan,
memenangkn,memenangkan
memenuhi,
memfitnah,
memikat,
memikirkan,
memilih,
memiliki,
memilikinya,
memimpin,
meminjam,
meminta,
memperbaiki,
memperbesar,
memperhatikan,
memperjelas,
memperjuangkan,
memperkenalkan,
memperkuat,
memperoleh,
mempertanyakan,
mempromosikan,
mempunyai,
memuji,
memukul,
memulai,
memunculkan,
memungkinkan,
memutuskan,
men,
menaikan,
menampak,
menampakkan,
menancapkan,
menandakan,
menang,
menanggung,
menangkan,
menanti,
menantu,
menarik,
menawarkan,
menayangkan,
mencaci,
mencalokan,
mencalon,
mencalonkan,
mencalonkannya,
mencapai,
mencapreskan,
mencari,
mencegah,
mencemarkan,
mencermati,
mencetak,
mencintai,
menciptakan,
mencoba,
mencounter,
mencuri,
mendaftarkan,
mendagri,
mendampingi,
mendampinginya,
mendapat,
mendapatkan,
mendarah,
mendatang,
mendaulat,
mendekati,
mendeklarasikan,
mendengar,
menderita,
mendin,mending
mending,
mendingan,
mendiskusikan,
mendongkrak,
mendorong,
mendukung,
mendungu,
menebarkan,
menekan,
menelan,
menemui,
menemukan,
menentang,
menentukan,
menepati,
menerapkan,
menerima,
menerus,
meneruskan,
menetapkan,
menetes,
menewaskan,
meng,
mengabaikan,
mengabulkan,
mengacak,
mengaco,
mengadakan,
mengajak,
mengajukan,
mengakak,
mengakhiri,
mengaku,
mengalah,
mengalahkan,
mengalami,
mengalihkan,
mengangkat,
mengantikan,
menganut,
mengapa,
mengapresiasi,
mengasih,
mengatakan,
mengatasi,
mengatur,
mengawal,
mengedepankan,
mengejek,
mengekor,
mengelola,
mengema,
mengenai,
mengendalikan,
mengerami,
mengerti,
mengetahui,
mengganggu,
mengganti,
menggantikan,
menggelontorkan,
menggeser,
menggiring,
menggonggong,
menggoreng,
menghadapi,
menghadapinya,
menghalanginya,
menghalu,menghalusinasi
menghanncurkan,
menghantam,
mengharamkan,
menghargai,
menghasut,
menghendaki,
menghibur,
menghina,
menghindar,
menghitung,
menghubungi,
menghujat,
mengidolakan,
mengikuti,
mengimbangi,
mengingat,
mengingatkan,
menginginkan,
mengira,
mengiri,iri
mengkafirkan,
mengkampanyekan,
mengkerut,
mengkhianati,
mengkilap,
mengobati,
mengoceh,
mengomong,
menguasai,
mengucap,
mengucapkan,
mengumbar,
mengumumkan,
mengumunkan,
mengundurkan,
mengungguli,
mengunjungi,
menguntungkan,
mengurangi,
mengurusi,
mengusulkan,
mengusung,
mengusungnya,
menhan,
menikmati,
menilai,
menimbang,
menimbulkan,
menimpa,
meninggal,
meninggalkan,
meningkat,
meningkatnya,
menipu,
menjabat,
menjadi,
menjadih,
menjadikan,
menjalankan,
menjanjikan,
menjatuhkan,
menjd,menjadi
menjegal,
menjegalnya,
menjelang,
menjelaskan,
menjelekkan,
menjelek²,
menjijikan,menjijikkan
menjijikkan,
menjual,
menolak,
menonton,
mensosialisasikan,
mentah,
mental,
menteng,
mentereng,
menteri,
menterinya,
mentersangkakan,
mentri,menteri
menuju,
menunggu,
menunjuk,
menunjuknya,
menurun,
menurunnya,
menurut,
menuruti,
menutupi,
menyaingi,
menyakin,
menyakiti,
menyakitinya,
menyalahkan,
menyambutnya,
menyangkut,
menyapu,
menyatakan,
menyatu,
menyatukan,
menyebar,
menyebutkan,
menyelamatkan,
menyerah,
menyerang,
menyertai,
menyertaimu,
menyesal,
menyesatkan,
menyiapkan,
menyimpan,
menyindir,
menyinggung,
menyingkirkan,
menyolatkan,
menyongsong,
menyuarakan,
menyukai,
menyumbangkan,
menyusul,
meraih,
merajalela,
merajut,
merangkul,
merapat,
merasa,
merata,
merauke,
meraup,
merdeka,
merealisasikan,
merebut,
meredam,
mereka,
merekakan,
merendahkan,
meresap,
meriang,
meridoi,
merinding,
merindukan,
meroket,
merosot,
mersuk,merusak
merubah,
merupakan,
merusak,
meski,
meskipun,
mesti,
mestinya,
metro,
mewah,
mewakili,
mic,
micromanage,
mikerrrrrr,mikir
mikir,
milah,
mili,milih
milih,
milik,
militer,
mimpi,
mimpiin,
mimpimu,
mimpin,
mimpinya,
min,
minang,
minggir,
mingkem,
minimal,
minoritas,
minpin,mimpin
minum,
minus,
minusnya,kurangnya
mirip,
misal,
misalnya,
misi,
miskin,
mjd,menjadi
mjdi,menjadi
mkirin,mikirin
mmbrikan,memberikan
mmgg,memang
mmng,memang
mnatp,mantap
mobil,
model,
moderen,modern
moga,
mohon,
mojokin,
momen,
monaco,
mondar,
monuver,
moral,
mostpolling,
mostupdate,
motong,
motor,
mr,
msdepn,masa depan
mu,
muak,
mual,
muda,
mudah,
mudaham,mudahan
mudahan,
mudah²an,
muhaimin,
muhamadyah,muhammadiyah
muka,
mukanya,
mukidi,
mulai,
mulia,
mulu,
mulut,
mumpung,
mumpuni,
munafik,
munafikun,
muncul,
mundur,
mungkin,
mungkinkah,
mungkjn,mungkin
murid,
musibah,
musim,
muslim,
musnahkan,
mustahil,
musuh²an,
mutu,
n,dan
naadac,
nabi,
nafsu,
nah,
naik,
naikin,
najis,
nalar,
nama,
namanya,
nambah,
nampaknya,
namun,
nangkep,tangkap
nanti,
nantinya,
nantitnya,nantinya
nanya,
napa,kenapa
nape,kenapa
napi,
narasi,
narasinya,
nasdem,
nasdembersamaanies,
nasdembersamaaniesbaswedan,
nasdembersamarakyat,
nasdembersmarakyat,
nasdemhebat,
nasdemprobolinggo,
nasdrun,
nasi,
nasional,
nasionalis,
nasionalisme,
ndiri,sendiri
negara,
negatif,
negeri,
nekan,
nekat,
neko,macam
netijen,netizen
netizen,
netral,
never,
news,
ngabisin,
ngalor,
ngamuk,
nganu,itu
ngapa,mengapa
ngapai,ngapain
ngapain,
ngaruh,
ngaruhnya,
ngawur,
nge,
ngebacot,
ngejegalnya,
ngejelikin,ngejelekin
ngeles,menampik
ngerecokin,
ngeri,
ngeroyok,
ngerubah,
ngibul,bohong
ngibulnya,bohongnya
ngidul,
ngmong,ngomong
ngomel,
ngomentari,mengomentari
ngoni,
ngotot,
ngra,negara
ngumpul,
ngurusi,mengurusi
ngurusin,mengurusi
ngusulin,mengusulkan
ni,ini
niat,
nie,ini
nih,ini
nilai,
niluh,
ninang,
nis,anies
nitezen,netizen
nkri,
no,
nofember,november
noh,itu
nol,
nomor,
non,
nongol,muncul
normalisasi,
notabene,
novel,
november,
now,
ntb,
ntinya,nantinya
ntr,nanti
ntt,
ntu,itu
nu,
nul,
number,
numpuk,
nungga,nunggu
nunjuk,
nunjukin,
nurani,
nurmantyo,
nurut,
nusantara,
ny,nya
nya,
nyagub,
nyahok,
nyali,
nyalon,
nyalonin,mencalonkan
nyaman,mencalonkan
nyampah,
nyampek,sampai
nyantol,nyangkut
nyapres,
nyata,
nyatanya,
nyebong,
nyebutnya,
nyinyir,
nyinyiran,
nylametin,menyelamatkan
nyoblos,mencoblos
nyumbang,
nyuruh,
obama,
obat,
obyektif,
oce,
odgj,
of,
ogaaahh,tidak
oge,juga
oh,
oia,ohiya
ojo,jangan
ok,oke
oke,
okelah,oke
okigarkhi,oligarki
oktober,
oleh,
oligarki,
om,
ombak,
omprengan,
on,
one,
online,
oooo,oh
ooooo,oh
opini,
opo,apa
oposisi,
opportunis,
optik,
optimis,
ora,bukan
orang,
orangan,orang
orange,
orator,
oresiden,presiden
organisasi,
organisasinya,
orgasme,
ormas,
otak,
otakmu,
otaknya,
otomatis,
otw,dijalan
over,
p,
pa,
pada,
padahal,
padanya,
pagi,
paham,
pahlawan,
pajang,
pak,
pakai,
pakaniespresidenri,
pakar,
pakqi,pakai
paksa,
paksin,vaksin
paksinan,vaksin
paling,
pallo,paloh
palo,paloh
paloh,
palsu,
pamit,
panas,
pancasila,
pancasilais,
pancingan,
pandai,
pandangan,
panggung,
pangkatnya,
panglima,
panik,
paniknya,
panjang,
panjenengan,kamu
pank,panik
pantas,
pantunnya,
papua,
para,
parah,
paratai,partai
parawangsa,parawansa
parkir,
parlemen,
parlementer,
parpol,
parrtainya,partainya
partai,
partaiku,
partaimu,
partainya,
parte,partai
pas,
pasal,
pasang,
pasangan,
pasar,
pasca,
paslon,
paste,
pasti,
pastikan,
pasukan,
patah,
patut,
pautnya,
payah,
pd,pada
pdi,
pdip,
pecah,
pecat,
pecatan,pecat
pedeipeh,pdip
pedukung,
peduli,
pegang,
pegunungan,
pejabat,
pekan,
pekanbarubersamanies,
pekerjaan,
pekok,
pelawak,
pelayan,
pelepasan,
peliharaan,
peluang,
pemain,
pembahasan,
pembangunan,
pembelaan,
pembenci,
pemberani,
pemberitahuan,
pemberontak,
pembesar,
pembina,
pembinanya,
pembuatan,
pembunuhan,
pemenang,
pemerintah,
pemerintahan,
pemersatu,
pemfitnah,
pemikiran,
pemiku,pemilu
pemilih,
pemilihan,
pemilihnya,
pemilik,
pemilu,
pemimpi,
pemimpin,
pemimpinnya,
pemimpin²,
pemuka,
penakut,
penangkapan,
penasehat,
pencalonan,
pencalonannya,
pencalonnya,
pencapresan,
pencitraan,
pendaftaran,
pendamping,
pendapat,
pendapatnya,
pendd,pendidikannya
pendek,
pendekatan,
pendeklarasian,
pendengki,
pendeta,
pendidik,
pendidikan,
pendidikannya,
pendiri,
penduduk,
pendukung,
pendukungan,
pendukungnya,
peneliti,
penentuan,
penerus,
penetapan,
pengadilan,
pengalaman,
pengalihan,
pengamat,
pengangguran,
pengaruh,
pengecut,
pengelolaan,
pengennya,
penggagalan,
pengganti,
penggati,
penggembira,
penggusuran,
penghargaan,
penghina,
penghuni,
pengikut,
pengin,ingin
pengkhianat,
pengkhianatan,
penguasa,
penguatan,
pengumuman,
pengusung,
pengusungan,
pengusungnya,
penilaian,
penista,
penjara,
penjaringan,
penjelasan,
penjilat,
penjual,
penonton,
pensiun,
pensiunpun,
penting,
penuh,
penuhi,
penulis,
penumpang,
penyakit,
penyaluran,
penyambutan,
penyelenggaraan,
penyuka,
perahu,
perang,
perbedaan,
percaya,
percayalah,
percuma,
perduli,
perempuan,
perestasi,
pergantian,
pergerakan,
pergi,
perhatian,
perhatikan,
perhitungan,
periksa,
perintah,
periode,
perjalanan,
perjuangan,
perjuangannya,
perkara,
perkasa,
perkembangan,
perkiraan,
perlahan,
perlambang,
perlindungan,
perlu,
permadi,
permintaan,
permusuhan,
pernah,
pernyataan,
perolehan,
perorangan,
perpanjangan,
perpecahan,
perpindahan,
perpolitikan,
persatuan,
persen,
persiakan,
persoalan,
person,
persyaratan,
pertama,
pertamina,
pertanda,
pertanyaan,
pertarungan,
pertayaan,
pertemuan,
pertimbangan,
perubahan,
peruntungan,
pesaing,
pesan,
pesimis,
pesonamu,
pesta,
peta,
peter,
petinggi,
petisi,
petugas,
php,
piara,pelihara
picik,licik
pidatonya,
pihak,
pihaknya,
pikir,
pikiran,
pikirkan,
pileg,
pilgub,
piliah,pilihlah
pilih,
pilihan,
pilihannya,
pilkada,
pilot,
pilpres,
pimpin,
pimpinan,
pinak,
pintar,
pinteran,pintaran
pintu,
pioneer,pelopor
piye,
pkb,
pki,
pkpi,
pks,
plan,
plat,
pleciden,preisden
plin,
pluralisme,
plus,
pns,
pokok,
pokoke,pokoknya
pokokne,pokoknya
pokoknya,
pola,
polesan,
poligami,
politik,
politiknya,
politikus,
politisasi,
politisi,
polling,
pollingilc,
polri,
popularitas,
populer,
porno,
pos,
posisi,
positif,
potensi,
potential,
ppp,
prabowo,
pragmatisme,
praktis,
prame,frame
prank,
pranowo,
prayforkanjuruhan,
preaiden,presiden
prediksi,
prediksinya,
premium,
prengus,perengus
prepare,
pres,presiden
presidan,presiden
presidean,presiden
presideb,presiden
presiden,
presidenku,
presidennya,
presidensial,
president,presiden
presidenterbaik,
presiedn,presiden
presinden,presiden
prestasi,
prestasinya,
prestasj,
presıden,prestasi
pria,
pribadi,
pribadinya,
pribumi,
prinsip,
prioritas,
prl,perlu
pro,
problem,
probowo,
prof,profesor
profesional,
profesionalisme,
profesor,
profil,
program,
proklamator,
promo,
promosikan,
propinsi,provinsi
proses,
prosesnya,
prrstasinya,prestasinya
psi,
pt,presidentialthreshold
puan,
puanlah,
puas,
publik,
pujaannya,
puji,
pukul,
pukulan,
pula,
pulang,
pulau,
puluhan,
pumya,punya
pun,
puncaknya,
pungli,
punguk,
punya,
purnama,
purnawirawan,
pusat,
putaran,
putra,
putus,
putuskan,
qursi,kursi
r,rasyid
rabbal,
radikal,
radikalis,
radikalisme,
ragukan,
rais,
raja,
rajin,
rakyat,
rakyatnya,
ramah,
ramai,
ramalan,
rame,
rampok,
ranah,
rangga,
rapat,
rapatkan,
rapor,
ras,
rasa,
rasanya,
rasid,rasyid
rasional,
rasyid,
rata,
ratusan,
reaksinya,
real,asli
realitasdia,realitas dia
realnya,aslinya
receh,
record,rekam
recordnya,rekam
redup,
refly,
register,
rekam,
rekan,
rekayasa,
reklamasi,
rekrut,
rektor,
relawan,
relax,
relek,rileks
religius,
rencana,
rendah,
reportnya,
representasi,
republik,
resapan,
resmi,
respect,
responden,
restorasi,
restu,
resufle,
retorika,
rezim,
ri,
riaubersamaanies,
ribet,
ribu,
ribut,
ridhoi,
ridwalkamil,
ridwan,
rindu,
ring,
risma,
rivalnya,
riziek,
rizik,
riziq,
rk,ridwan
roadshow,
rodo,rada
romlah,
rp,
rs,
rt,
ruang,
ruf,
rugi,
rugiin,
ruhut,
rukun,
rumah,
rumahnya,
rumput,
runner,
rupa,
rupanya,
rusak,
rush,
rusuh,
rusun,
s,
saat,
saatnya,
sabang,
sabar,
sabtu,
sadar,
sadara,
sah,
saha,
sahabat,
saia,
saingan,
saja,
saking,
sakit,
sakitnya,
salah,
salahnya,
salam,
salaman,
salamrestorasi,
salim,
saling,
salut,
sama,
sambil,
sambo,
sambung,
sampah,
sampai,
sampaikan,
sampeyan,kamu
sampyan,kamu
sana,
sandiaga,
sandiwara,
sang,
sangat,
sanggup,
sangka,
sangking,saking
sangkut,
sanjung²,
santai,
santer,
santri,
santun,
santuy,santai
sapapun,siapapun
saran,
sarat,syarat
satpam,
satu,
satukan,
satumejatheforum,
satun,santun
satunya,
satupun,
saudara,
saudaraku,
saveaniesbaswedan,
sawah,
saya,
sayang,
sayangnya,
sayentipic,scientific
sbgi,sebagai
sby,
scientific,
sd,
sdgkan,sedangkan
sdhbrp,sudah berapa
se,
seandainya,
seaqidah,seakidah
sebab,
sebagai,
sebagaimana,
sebagan,sebagai
sebagi,sebagai
sebagian,
sebaiknya,
sebaliknya,
sebanyak²,
sebar,
sebarkan,
sebatas,
sebegitu,
sebelah,
sebelum,
sebelumnya,
sebenarnya,
sebentar,
seberapa,
seberat,
sebesar,
seblm,sebelum
sebodoh,
sebrang,seberang
sebuah,
sebulan,
sebut,
sebutan,
sebutkan,
secara,
secepatnya,
sedang,
sedangkan,
sedemikian,
sedikit,
sedinamis,
see,
segala,
segalanya,
segampang,
segan,
segera,
segitu,
sehari,
seharusnya,
sehat,
sehebat,
sehingga,
seiman,
seirang,seorang
sejahtera,
sejajar,
sejak,
sejalan,
sejarah,
sejati,
sejatinya,
sejauh,
sejenak,
sejenisnya,
sejuk,
sejumlah,
sekadar,
sekali,
sekalian,
sekaligus,
sekarang,
sekedar,
sekejap,
sekelas,
sekeluarga,
sekian,
sekitar,
seksi,
selain,
selaku,
selalu,
selama,
selamanya,
selamat,
selamatkan,
selangkah,
selanjut,
selanjutnya,
selatan,
seleksi,
selesai,
selfie,
seluruh,
semakin,
semalam,
semangad,semangat
semangat,
semata,
sembako,
sembarang,
semboro,sembrono
sembrono,
sembuh,
semenjak,
sementara,
semoga,
sempat,
semprul,
semua,
semuanya,
semudah,
senang,
senayan,
sendiri,
sendirian,
senen,
senengnya,senangnya
sengaja,
seni,
senin,
senior,
sense,
seolah,
seorang,
sepak,
sepakat,
sepakbola,
sepaket,
sepatutnya,
sepeda,
sepenuhnya,
seperti,
sepertinya,
september,
seragam,
serahkan,
serakah,
seramainya,
serang,
serangan,
serendah,
serentak,
seribu,
sering,
serta,
seru,
servis,
sesaat,
sesama,
sesat,
seseorang,
sesepuh,
sesi,
sesma,
sessions,
sesuai,
sesuatu,
sesungguhnya,
setan,
setara,
setelah,
setiap,
setidaknya,
setingan,settingan
setinggi,
setir,
setuju,
seumpamanya,
seumur,
sewaktu,
sgra,segera
shaa,
shafig,
shg,sehingga
shihab,
sia,kamu
siang,
siap,
siapa,
siapakah,
siapapun,
siapun,
sibuk,
sifat,
sifatnya,
signifikan,
sih,
sikap,
sikapnya,
silakan,
siluman,
simak,
simpan,
simpati,
simpatik,
simpatisan,
sindir,
sindiran,
singgungannya,
singkirkan,
sini,
sinting,
sipat,
sipil,
siregar,
sirik,
sis,
sisi,
sistem,
sistim,sistem
situ,
situasi,
situlah,
skenario,
skenarionya,
skrg,sekarang
slesai,selesai
slh,salah
slogan,
smrc,
snua,semua
soal,
soale,soalnya
soalnya,
sodara,
soekarno,
sok,
solehah,
solid,
solo,
solusi,
somasi,
sombong,
sono,sana
sontoloyo,
sopan,
sopir,
soraki,
sore,
sorot,
sosial,
sosialisasi,
sosialnya,
sosok,
sp,
spa,siapa
spanduk,
spanduknya,
spontan,
sportif,
srek,cocok
ss,
ssdh,sesudah
start,
stasiun,
statmen,statement
status,
statusnya,
stiker,sticker
stok,
stop,
strategi,
strategis,
streamed,
stres,
stresss,stres
stretegi,strategi
stroke,
struk,
suami,
suara,
suarakan,
suaranya,
suatu,
subhanawataalla,
subianto,
sudah,
sudahlah,
sudi,
suka,
sukai,
sukses,
suku,
sulawesi,
sumbawa,
sumpah,
sumur,
sungai,
sungguh,
sunnahtullah,
supaya,
supir,
support,
surabaya,
suram,
surat,
suraya,
surga,
suruh,
surut,
survei,
surveinya,
survey,survei
surya,
suryopaloh,
susah,
susi,
suwun,
swt,
syaa,
syaiku,
syarat,
t,
ta,
taat,
tabik,
tadi,
taeek,tahi
tahapannya,
tahi,
tahu,
tahun,
taikers,tahi
taikkkk,tahi
tail,
tajam,
tak,
takdirnya,
takhta,
takkan,
taksi,
taktik,
takut,
takuti,
takutnya,
talang,
taliban,
tama,
tambah,
tampak,
tampakkan,
tampil,
tampilin,
tampilkan,
tanah,
tanda,
tandanya,
tangan,
tangga,
tanggal,
tanggapannya,
tangguh,
tanggung,
tangkap,
tanjakan,tanjakkan
tanjung,
tanpa,
tantang,
tanya,
tanyakan,
tanyo,tanya
tapi,
taruhan,
tata,
tau,tahu
tauk,tahu
taun,tahun
tau²,
tawaran,
tawarin,
tayangan,
team,
tebaik,terbaik
tebang,
tegas,
teguh,
tehadap,terhadap
tekad,
tekanan,
tekel,
telah,
telak,
televisi,
telur,
teman,
tembok,
tempat,
temuan,
tenaga,
tenan,
tenang,
tenar,
tengah,
tenggara,
tenggelam,
tenggelamkan,
tenggelamkananiesnasdem,
tenggelamkannasdem,
tenggelamkanpartainasdem,
tentang,
tentu,
tentuin,
tentukan,
tentunya,
tenun,
teori,
tepat,
tepatnya,
ter,
terakhir,
terarah,
terasa,
terbaik,
terbaiklah,
terbaiknya,
terbalik,
terbang,
terbangnya,
terbanyak,
terbayang,
terbayar,
terbelah,
terbentuk,
terbiasa,
terbodoh,
terbuka,
terbukti,
terburu,
terburuk,
terdaftar,
terdahulu,
terdepan,
terdompleng,
tereak,teriak
tereaknya,teriaknya
terealisasi,
tergerus,
tergoblok,
terhadap,
terhebat,
terhibur,
terhina,
terhormat,
teriak,
teriakan,
terima,
terimah,
terimakasih,
terindah,
terjadi,
terjang,
terkait,
terkenal,
terkuat,
terlalu,
terlarang,
terlebih,
terlibat,
terlihat,
termakan,
termasuk,
ternyata,
terobosan,
terpaforit,terfavorit
terpaksa,
terpedaya,
terpengaruh,
terpenting,
terpenuhi,
terperangkap,
terpilih,
terpilihnya,
terpuruk,
tersangka,
tersebut,
tersendiri,
tersenyum,
terserah,
tersinggung,
tersiram,
tertakdir,
tertinggi,
tertuang,
tertuju,
tertutup,
teruji,
terukur,
terulang,
teruntuk,
terus,
terusik,
teruskan,
teruslah,
terutama,
terwujud,
tetangga,
tetanggal,
tetap,
tetapi,
tetepkam,tetapkan
tetiba,
tgup,
th,
thanks,
thankyouanies,
thd,terhadap
the,
thn,tahun
thohir,
threshold,
thx,thanks
tiada,
tiap,
tiba,
tidak,
tidaknya,
tidur,
tiga,
tiket,
tiketnya,
tiktokan,
tim,
time,
timses,
timun,
timur,
tindakan,
tinggal,
tinggalkan,
tinggallah,
tingggi,tinggi
tinggi,
tingginyabnaik,
tingkatkan,
tinjauan,
tionghoa,
titik,
titip,
tito,
tjahaja,
tlong,tolong
tni,
tntu,tentu
toh,
tohir,
tokoh,
tolak,
tolol,
tolong,
tong,
top,bagus
topp,bagus
total,
tower,
tps,
tpt,tepat
track,jejak
tragedi,
trasi,terasi
trial,
trimakasih,terimakasih
trlibat,terlibat
tsb,
tsiqah,
tubuh,
tuch,itu
tugas,
tugasnya,
tuh,itu
tuhan,
tujuannya,
tujuanx,tujuannya
tujukankan,tunjukkan
tukang,
tulis,
tumbuh,
tunda,
tunggal,
tunggu,
tunjukkan,
tuntas,
tuntaskan,
turun,
turunan,
turut,
tutup,
tutur,
tv,
tweet,
tweetnya,
twiitnya,tweetnya
twit,tweet
twitter,
u,kamu
uang,
ubek,
ucapkan,
udahan,
udang,
ude,sudah
uduk,
uighur,
ujang,
uji,
ujian,
ukurannya,
ulahnya,
ulama,
ulang,
ulas,
ultah,
ulu,
umat,
umum,
umumin,umumkan
umumkan,
umur,
undang,
undur,
unggahan,
unggul,
ungkit,
universitas,
unjuk,
uno,
untuk,
untung,
up,
uraaaaaa,uraaa
urang,
urus,
urusan,
urusi,
us,
usah,
usai,
usia,
usman,
ustaz,
usul,ustadz
usulan,
usulkan,
usulnya,
usung,
usungan,
usut,
uta,
utara,
utk,untuk
uu,
uud,
vario,
varionya,
verifikasi,
versi,
video,
vidio,video
virtually,
virus,
visi,
visinya,
visioner,
vs,versus
wacana,
wadas,
waduh,
wah,
wahai,
wahay,wahai
wahid,satu
wajah,
wajahnya,
wajar,
wajib,
wakil,
wakilnya,
waktu,
waktunya,
walau,
walaupun,
wali,
walikota,
walkot,
wan,
wanita,
wapres,
wapresnya,
waras,
warga,
warming,
warning,
washington,
waspadailah,
wawasan,
we,
wef,
welcome,
wi,
wib,
widodo,
wih,wah
wilayah,
will,
wilmar,
wis,
wkkk,wkwkwk
wkwk,wkwkwk
wkwkkw,wkwkwk
wkwkkwk,wkwkwk
wkwkw,wkwkwk
wkwkwk,wkwkwk
wkwkwkw,wkwkwk
wkwkwkwk,wkwkwk
wkwkwkwkw,wkwkwk
wkwkwkwkwk,wkwkwk
wkwkwkwkwkwk,wkwkwk
wlw,walau
wni,
wo,
woi,
woii,woi
wok,
wokokok,wkwkwk
wokwokwo,wkwkwk
wong,orang
wowkwkwkwkwwk,wkwkwk
wuiilhh,wah
xenia,
y,yang
ya,iya
yaa,iya
yad,
yaitu,
yakin,
yakni,
yaman,
yang,
year,
yen,
yeni,
yenny,
yesssss,yes
yi,ri
yoi,iya
you,
yra,
yth,
yudhoyono,
yuk,
yusuf,
yuukk,yuk
yuuuk,yuk
yv,yang
zaman,
‍️,
’y,
“kami,
”,
…,
…buka,
…coba,
…hihihi…,
……,
……bakal,
⁉️,
⁉️⁉️⁉️,
️,
️️️️,
🇮🇩,
🇮🇩aniesbaswedan,
🇲🇨🇲🇨🇲🇨,
🇾🇪🇾🇪,
